year,quarter,period,archive,rows,valid_rows,passenger_sum,passenger_weighted_mean_fare_as_stored,passenger_weighted_mean_distance,unique_reporting_carriers,unique_airport_itineraries,ticket_type_counts
1979,1,1979Q1,nboe791.zip,1367320,1367320,3796089,81.7111,856.847,27,128954,I:401870; J:72902; O:245448; R:524798; U:122302
1979,2,1979Q2,nboe792.zip,1671806,1671806,4249246,126.0003,884.1043,27,137371,I:453372; J:92326; O:284476; R:687062; U:154570
1979,3,1979Q3,nboe793.zip,1810744,1810744,4346870,114.6171,912.4345,26,136366,I:437452; J:85098; O:337560; R:795058; U:155576
1979,4,1979Q4,nboe794.zip,1584506,1584506,4491473,122.1116,838.8064,47,128665,I:405514; J:79594; O:245836; R:703406; U:150156
1980,1,1980Q1,nboe801.zip,1495594,1495594,4122563,132.7282,835.7914,45,126021,I:388804; J:79640; O:251420; R:643050; U:132680
1980,2,1980Q2,nboe802.zip,1696149,1696149,4365987,139.1679,858.3528,44,130269,I:410798; J:80886; O:283195; R:769270; U:152000
1980,3,1980Q3,nboe803.zip,1505685,1505685,4132509,113.9203,874.2461,47,126723,I:365292; J:70632; O:256091; R:686728; U:126942
1980,4,1980Q4,nboe804.zip,952717,952717,2850801,120.0433,916.5181,44,91205,I:244880; J:40622; O:139131; R:442904; U:85180
1981,1,1981Q1,nboe811.zip,1271261,1271261,3653439,127.3236,846.4448,49,115855,I:333270; J:62260; O:213173; R:550140; U:112418
1981,2,1981Q2,nboe812.zip,1442162,1442162,4209703,124.0326,880.1321,48,124315,I:346208; J:70538; O:239032; R:654086; U:132298
1981,3,1981Q3,nboe813.zip,1349062,1349062,3884512,121.2641,875.9476,50,118715,I:313756; J:66854; O:248720; R:603862; U:115870
1981,4,1981Q4,nboe814.zip,1375310,1375310,4087030,120.4647,850.2614,50,114799,I:320758; J:74344; O:212816; R:640346; U:127046
1982,1,1982Q1,nboe821.zip,1344045,1344045,3963412,107.4237,868.3752,50,111713,I:320344; J:74602; O:232971; R:597272; U:118856
1982,2,1982Q2,nboe822.zip,1539688,1539688,4268186,120.2181,888.4124,51,116268,I:323722; J:82050; O:262316; R:729932; U:141668
1982,3,1982Q3,nboe823.zip,1464680,1464680,4335598,121.9684,901.3248,43,115097,I:305382; J:72776; O:261468; R:696288; U:128766
1982,4,1982Q4,nboe824.zip,1408530,1408530,4248187,119.7404,879.0089,42,108042,I:276300; J:73254; O:202444; R:716522; U:140010
1983,1,1983Q1,nboe831.zip,1427104,1427104,4347217,105.9217,904.5293,40,109216,I:291746; J:78198; O:210568; R:702950; U:143642
1983,2,1983Q2,nboe832.zip,1643695,1643695,4712459,116.1823,881.1663,41,118854,I:308576; J:82640; O:249243; R:839086; U:164150
1983,3,1983Q3,nboe833.zip,1403741,1403741,4429690,128.8688,857.7957,43,118901,I:269310; J:70386; O:218023; R:711284; U:134738
1983,4,1983Q4,nboe834.zip,1514621,1514621,4601346,132.7099,862.0733,44,114986,I:283430; J:77544; O:198487; R:798454; U:156706
1984,1,1984Q1,nboe841.zip,1394595,1394595,4487589,134.528,863.334,43,110578,I:283218; J:74794; O:203041; R:694372; U:139170
1984,2,1984Q2,nboe842.zip,1678526,1678526,5236739,136.3935,886.6771,44,121615,I:318132; J:88826; O:241548; R:861838; U:168182
1984,3,1984Q3,nboe843.zip,1505590,1505590,5102784,133.3191,884.9988,43,119551,I:282614; J:79848; O:238184; R:762370; U:142574
1984,4,1984Q4,nboe844.zip,1546914,1546914,5170766,131.736,867.0176,38,117346,I:281024; J:82508; O:211366; R:815144; U:156872
1985,1,1985Q1,nboe851.zip,1505033,1505033,5126703,131.8058,895.4879,35,112601,I:273150; J:80404; O:211333; R:785634; U:154512
1985,2,1985Q2,nboe852.zip,1752761,1752761,5654955,127.3256,906.4288,36,120992,I:278802; J:91584; O:237247; R:952184; U:192944
1985,3,1985Q3,nboe853.zip,1755825,1755825,5529974,127.908,897.9256,40,120529,I:255326; J:85514; O:261945; R:976400; U:176640
1985,4,1985Q4,nboe854.zip,1784015,1784015,5450623,145.9354,879.3434,39,117627,I:227446; J:85510; O:223407; R:1059394; U:188258
1986,1,1986Q1,nboe861.zip,1857105,1857105,5743949,142.7645,924.0275,38,118969,I:248872; J:88954; O:262783; R:1069820; U:186676
1986,2,1986Q2,nboe862.zip,2155207,2155207,6044405,162.6971,916.3303,38,130387,I:267534; J:96040; O:312951; R:1270694; U:207988
1986,3,1986Q3,nboe863.zip,2064024,2064024,6140036,187.4913,909.7949,38,130065,I:239836; J:91778; O:331802; R:1204756; U:195852
1986,4,1986Q4,nboe864.zip,2179767,2179767,6017376,209.2721,896.4252,37,130642,I:230310; J:93676; O:264287; R:1368850; U:222644
1987,1,1987Q1,nboe871.zip,2064507,2064507,5679623,121.6936,930.4958,32,130262,I:223198; J:89204; O:246921; R:1299182; U:206002
1987,2,1987Q2,nboe872.zip,2343611,2343611,6241360,124.0229,934.6004,27,138750,I:218936; J:99398; O:287501; R:1501828; U:235948
1987,3,1987Q3,nboe873.zip,2611339,2611339,6237004,130.5541,939.9526,27,144712,I:220924; J:108488; O:359829; R:1684834; U:237264
1987,4,1987Q4,nboe874.zip,2415592,2415592,5910858,139.8563,919.8398,26,140368,I:198334; J:93854; O:274512; R:1617642; U:231250
1988,1,1988Q1,nboe881.zip,2227640,2227640,5927481,140.0749,929.5462,26,140725,I:213002; J:92872; O:259914; R:1449200; U:212652
1988,2,1988Q2,nboe882.zip,2544689,2544689,6590979,143.4585,933.2312,27,149569,I:222880; J:105544; O:278737; R:1695536; U:241992
1988,3,1988Q3,nboe883.zip,2498573,2498573,6412119,146.1216,930.0878,25,151670,I:208218; J:102866; O:319741; R:1641540; U:226208
1988,4,1988Q4,nboe884.zip,2716837,2716837,6368498,146.1096,897.834,26,151860,I:210290; J:102274; O:284993; R:1863836; U:255444
1989,1,1989Q1,nboe891.zip,2228474,2228474,5876262,162.6444,903.4075,26,149500,I:237954; J:94734; O:258076; R:1425948; U:211762
1989,2,1989Q2,nboe892.zip,2351290,2351290,6459761,155.4421,916.8432,26,156821,I:247304; J:104654; O:262984; R:1513620; U:222728
1989,3,1989Q3,nboe893.zip,2554148,2554148,6516115,146.1567,925.8625,27,161420,I:251824; J:113942; O:312742; R:1642176; U:233464
1989,4,1989Q4,nboe894.zip,2659335,2659335,6722246,147.8938,908.8474,22,161429,I:235708; J:109628; O:281215; R:1779564; U:253220
1990,1,1990Q1,nboe901.zip,2657767,2657767,6452297,158.0762,914.1344,22,155254,I:236700; J:100136; O:293653; R:1791210; U:236068
1990,2,1990Q2,nboe902.zip,2773144,2773144,6882492,157.9053,923.5536,22,168091,I:234942; J:110554; O:274582; R:1891634; U:261432
1990,3,1990Q3,nboe903.zip,2713482,2713482,6897700,152.3313,946.036,23,169503,I:241134; J:111380; O:282690; R:1822594; U:255684
1990,4,1990Q4,nboe904.zip,3187601,3187601,6430673,155.5894,919.6068,24,161938,I:219656; J:105782; O:263857; R:2330444; U:267862
1991,1,1991Q1,nboe911.zip,2695956,2695956,6016609,206.3435,911.2308,23,155873,I:205318; J:96848; O:219572; R:1934506; U:239712
1991,2,1991Q2,nboe912.zip,3117537,3117537,6721947,209.7375,924.9306,22,166209,I:227286; J:110344; O:247763; R:2269394; U:262750
1991,3,1991Q3,nboe913.zip,2947169,2947169,6539635,214.4352,937.0006,21,162227,I:216780; J:107416; O:249661; R:2134738; U:238574
1991,4,1991Q4,nboe914.zip,2870949,2870949,6360675,207.3447,922.7498,23,160188,I:193484; J:102886; O:215485; R:2111116; U:247978
1992,1,1992Q1,nboe921.zip,2561212,2561212,5822818,244.3592,910.1509,23,154310,I:189624; J:92738; O:207892; R:1852640; U:218318
1992,2,1992Q2,nboe922.zip,2796147,2796147,6719021,213.8788,945.434,23,165326,I:216392; J:106476; O:229689; R:1999794; U:243796
1992,3,1992Q3,nboe923.zip,2868659,2868659,7073424,184.325,973.3403,23,167586,I:224860; J:110330; O:241141; R:2040698; U:251630
1992,4,1992Q4,nboe924.zip,2643965,2643965,6268926,204.773,921.4883,25,160287,I:213556; J:97726; O:212225; R:1886562; U:233896
1993,1,1993Q1,nboe931.zip,2371573,2371573,5916477,242.407,916.0384,24,154461,I:201362; J:84364; O:198963; R:1685408; U:201476
1993,2,1993Q2,nboe932.zip,3005663,3005663,7015049,227.3564,944.9105,25,164875,I:241286; J:108068; O:216559; R:2186044; U:253706
1993,3,1993Q3,nboe933.zip,2879666,2879666,6949629,208.4285,933.8667,26,165004,I:222062; J:100104; O:209628; R:2114484; U:233388
1993,4,1993Q4,nboe934.zip,2923361,2923361,6978665,208.8266,903.3758,27,163870,I:213938; J:94464; O:212151; R:2159180; U:243628
1994,1,1994Q1,nboe941.zip,2651930,2651930,6729618,239.3961,899.1607,30,157925,I:209518; J:88908; O:229996; R:1907622; U:215886
1994,2,1994Q2,nboe942.zip,2951696,2951696,7627945,218.6622,902.5825,31,162877,I:235478; J:100382; O:257770; R:2125096; U:232970
1994,3,1994Q3,nboe943.zip,2985593,2985593,7870401,206.1176,901.6019,32,160358,I:233686; J:102940; O:275797; R:2143150; U:230020
1994,4,1994Q4,nboe944.zip,3222976,3222976,7934027,200.277,892.2799,36,158801,I:235554; J:103942; O:269386; R:2361406; U:252688
1995,1,1995Q1,nboe951.zip,3019402,3019402,7265453,221.5736,904.1418,36,152805,I:229938; J:97400; O:286010; R:2177064; U:228990
1995,2,1995Q2,nboe952.zip,3293351,3293351,8182633,245.8794,917.0626,37,157772,I:246022; J:105758; O:302251; R:2401532; U:237788
1995,3,1995Q3,nboe953.zip,3357991,3357991,8043645,283.4588,918.9396,39,152172,I:243588; J:103584; O:316479; R:2483574; U:210766
1995,4,1995Q4,nboe954.zip,3490545,3490545,7816963,445.1409,907.9946,38,151768,I:233508; J:104278; O:303917; R:2624222; U:224620
1996,1,1996Q1,nboe961.zip,3537797,3537797,7846920,291.9212,916.1092,42,150290,I:265846; J:104562; O:344545; R:2598184; U:224660
1996,2,1996Q2,nboe962.zip,3047625,3047625,8839243,318.8754,931.8513,42,156952,I:342280; J:113330; O:310469; R:2053330; U:228216
1996,3,1996Q3,nboe963.zip,2949998,2949998,8594302,291.8363,943.9909,39,154562,I:342046; J:109754; O:314542; R:1971566; U:212090
1996,4,1996Q4,nboe964.zip,3175671,3175671,8667956,262.7084,925.9704,40,154257,I:352966; J:113256; O:287241; R:2197336; U:224872
1997,1,1997Q1,nboe971.zip,2915830,2915830,8219188,281.5143,926.7987,39,151203,I:353382; J:106312; O:293020; R:1957978; U:205138
1997,2,1997Q2,nboe972.zip,3288654,3288654,9196268,195.1789,942.7162,39,157776,I:391254; J:121628; O:312712; R:2231982; U:231078
1997,3,1997Q3,nboe973.zip,3284623,3284623,9155502,191.718,962.2063,37,157251,I:417336; J:121048; O:317629; R:2207270; U:221340
1997,4,1997Q4,nboe974.zip,3273932,3273932,8997292,203.1995,943.9252,37,153025,I:473444; J:113118; O:282140; R:2178620; U:226610
1998,1,1998Q1,nboe981.zip,2921365,2921365,8291127,203.9113,937.8311,38,148576,I:685370; J:103846; O:280191; R:1673888; U:178070
1998,2,1998Q2,nboe982.zip,3314869,3314869,9462102,180.9952,957.3422,36,156223,I:797072; J:124634; O:315387; R:1871156; U:206620
1998,3,1998Q3,nboe983.zip,3417073,3417073,9291465,173.4292,968.3067,35,158697,I:820320; J:127130; O:336305; R:1901556; U:231762
1998,4,1998Q4,nboe984.zip,3753409,3753409,9387631,168.714,949.3739,35,159149,I:877156; J:125760; O:310623; R:2177662; U:262208
1999,1,1999Q1,nboe991.zip,3392175,3392175,8661733,179.5098,950.325,36,156837,I:780902; J:124128; O:357945; R:1898148; U:231052
1999,2,1999Q2,nboe992.zip,3724415,3724415,9854564,182.59,963.3937,36,164528,I:890640; J:135660; O:365881; R:2077850; U:254384
1999,3,1999Q3,nboe993.zip,3738285,3738285,9918672,174.7698,979.0179,37,166109,I:915856; J:135936; O:382867; R:2056880; U:246746
1999,4,1999Q4,nboe994.zip,4004086,4004086,9952781,174.0543,960.7728,36,166516,I:951632; J:128780; O:356972; R:2290152; U:276550
2000,1,2000Q1,nboe001.zip,3900645,3900645,9245919,189.2417,965.043,35,163808,I:882692; J:123178; O:411957; R:2221890; U:260928
2000,2,2000Q2,nboe002.zip,4332263,4332263,10725822,189.5065,980.8351,39,173470,I:1017622; J:145778; O:442877; R:2432332; U:293654
2000,3,2000Q3,nboe003.zip,4006106,4006106,10324123,185.9286,991.7067,38,170840,I:962872; J:132152; O:422410; R:2226840; U:261832
2000,4,2000Q4,nboe004.zip,4248100,4248100,10210953,174.4919,977.8558,36,172328,I:999300; J:130506; O:392438; R:2435310; U:290546
2001,1,2001Q1,nboe011.zip,3746814,3746814,9385958,178.8723,977.27,35,167111,I:886568; J:114052; O:362364; R:2126312; U:257518
2001,2,2001Q2,nboe012.zip,4295386,4295386,10558646,166.9758,997.2889,35,168536,I:1022556; J:124828; O:377846; R:2480310; U:289846
2001,3,2001Q3,nboe013.zip,3874644,3874644,9444655,154.1678,1019.3903,35,168787,I:978572; J:108604; O:353146; R:2179958; U:254364
2001,4,2001Q4,nboe014.zip,3841388,3841388,8496805,150.268,1013.7414,35,158624,I:1002324; J:101128; O:295300; R:2188758; U:253878
2002,1,2002Q1,nboe021.zip,3811313,3811313,8312648,160.4207,1011.0036,35,156401,I:996880; J:97678; O:325701; R:2140768; U:250286
2002,2,2002Q2,nboe022.zip,4138971,4138971,9615741,157.0773,1020.0633,35,164729,I:1146428; J:109064; O:342605; R:2268486; U:272388
2002,3,2002Q3,nboe023.zip,3992282,3992282,9430536,151.8652,1039.2373,34,163229,I:1121722; J:106166; O:346756; R:2156314; U:261324
2002,4,2002Q4,nboe024.zip,3948294,3948294,9202062,153.7576,1024.5119,31,159614,I:1154854; J:106170; O:305280; R:2109608; U:272382
2003,1,2003Q1,nboe031.zip,3511086,3511086,8365084,161.0621,1022.9971,31,159433,I:1041798; J:95300; O:338396; R:1807612; U:227980
2003,2,2003Q2,nboe032.zip,4148356,4148356,9524495,157.9068,1048.3218,32,166002,I:1261092; J:113642; O:384524; R:2119916; U:269182
2003,3,2003Q3,nboe033.zip,3862968,3862968,9492197,157.2089,1067.1854,33,166454,I:1251288; J:107416; O:370614; R:1893440; U:240210
2003,4,2003Q4,nboe034.zip,4291480,4291480,9684030,158.3751,1049.0688,33,168603,I:1374784; J:109184; O:365130; R:2167306; U:275076
2004,1,2004Q1,nboe041.zip,3785387,3785387,9099389,162.5915,1050.1899,34,163897,I:1198670; J:103756; O:382429; R:1864542; U:235990
2004,2,2004Q2,nboe042.zip,4404457,4404457,10504906,158.7873,1066.7456,34,174186,I:1422398; J:127014; O:435025; R:2141460; U:278560
2004,3,2004Q3,nboe043.zip,4124281,4124281,10398411,151.5807,1079.0307,35,175818,I:1375684; J:127686; O:457869; R:1910048; U:252994
2004,4,2004Q4,nboe044.zip,4509358,4509358,10459486,149.9198,1051.467,35,177124,I:1443786; J:126872; O:431264; R:2213756; U:293680
2005,1,2005Q1,nboe051.zip,4191202,4191202,9768537,153.6846,1054.9481,34,175292,I:1318582; J:119012; O:478276; R:2015680; U:259652
2005,2,2005Q2,nboe052.zip,4787473,4787473,11323546,157.0956,1054.6917,36,183586,I:1499530; J:132604; O:543089; R:2314328; U:297922
2005,3,2005Q3,nboe053.zip,4653969,4653969,11085561,157.9811,1071.8687,36,184161,I:1455010; J:135436; O:592021; R:2188914; U:282588
2005,4,2005Q4,nboe054.zip,4634736,4634736,10780577,161.8572,1051.1032,35,183285,I:1464684; J:132702; O:518326; R:2232844; U:286180
2006,1,2006Q1,nboe061.zip,4327988,4327988,10183838,168.132,1048.731,35,177360,I:1330022; J:118916; O:558940; R:2054916; U:265194
2006,2,2006Q2,nboe062.zip,4945719,4945719,11509776,178.3905,1059.1069,36,185458,I:1549252; J:138216; O:630451; R:2331156; U:296644
2006,3,2006Q3,nboe063.zip,4608470,4608470,11003805,172.0737,1072.3769,36,184895,I:1456552; J:133524; O:655146; R:2093716; U:269532
2006,4,2006Q4,nboe064.zip,4635805,4635805,11117158,165.0513,1042.7323,36,183982,I:1451024; J:140230; O:572987; R:2170684; U:300880
2007,1,2007Q1,nboe071.zip,4340412,4340412,10311679,167.471,1045.43,36,179909,I:1324196; J:123940; O:613622; R:2000050; U:278604
2007,2,2007Q2,nboe072.zip,4842355,4842355,11675936,171.366,1057.2898,35,184628,I:1487784; J:140830; O:670389; R:2234986; U:308366
2007,3,2007Q3,nboe073.zip,4697919,4697919,11280453,172.0099,1073.3148,37,182883,I:1446538; J:133964; O:691689; R:2139514; U:286214
2007,4,2007Q4,nboe074.zip,4824679,4824679,11067093,170.5693,1048.7306,38,180907,I:1440920; J:131542; O:647895; R:2298906; U:305416
2008,1,2008Q1,nboe081.zip,4528041,4528041,10139941,176.5386,1051.9213,37,171428,I:1218000; J:120632; O:692213; R:2205082; U:292114
2008,2,2008Q2,nboe082.zip,5338774,5338774,11309723,182.6178,1055.5289,39,183207,I:1455898; J:131152; O:807658; R:2619258; U:324808
2008,3,2008Q3,nboe083.zip,4673083,4673083,10652494,188.9382,1073.1626,37,178637,I:1407770; J:127778; O:704323; R:2152968; U:280244
2008,4,2008Q4,nboe084.zip,4500960,4500960,10064103,180.7333,1046.7856,37,165457,I:1356558; J:123136; O:608494; R:2122828; U:289944
2009,1,2009Q1,nboe091.zip,3891959,3891959,9105012,166.2251,1050.8352,37,159665,I:1207642; J:98040; O:582889; R:1743042; U:260346
2009,2,2009Q2,nboe092.zip,4643286,4643286,10585294,160.901,1063.8468,37,168270,I:1423088; J:117230; O:722372; R:2078910; U:301686
2009,3,2009Q3,nboe093.zip,4740399,4740399,10392776,164.343,1072.8995,37,169597,I:1426990; J:122354; O:789309; R:2100076; U:301670
2009,4,2009Q4,nboe094.zip,4922770,4922770,9928898,170.6827,1051.7214,36,164156,I:1376104; J:122520; O:764982; R:2339014; U:320150
2010,1,2010Q1,nboe101.zip,4466762,4466762,9239901,177.4567,1054.9794,36,164971,I:1238700; J:113776; O:762888; R:2059730; U:291668
2010,2,2010Q2,nboe102.zip,5256838,5256838,10595375,183.5214,1066.5339,36,173043,I:1475780; J:126408; O:869400; R:2462814; U:322436
2010,3,2010Q3,nboe103.zip,3952946,3952946,8690242,237.8876,1041.76,36,164971,I:1120624; J:105438; O:675770; R:1808564; U:242550
2010,4,2010Q4,nboe104.zip,5218548,5218548,10551830,184.1753,1053.4451,35,171409,I:1440570; J:132800; O:830156; R:2485042; U:329980
2011,1,2011Q1,nboe111.zip,4925243,4925243,9457961,197.3081,1057.9281,34,166219,I:1261184; J:119176; O:898041; R:2352268; U:294574
2011,2,2011Q2,nboe112.zip,5407239,5407239,10909001,205.6282,1073.0003,33,175632,I:1448284; J:144070; O:942891; R:2539388; U:332606
2011,3,2011Q3,nboe113.zip,5377460,5377460,10751038,202.9704,1081.8154,33,174961,I:1449732; J:141866; O:999890; R:2484056; U:301916
2011,4,2011Q4,nboe114.zip,5235515,5235515,10433730,202.9934,1055.9231,33,168875,I:1391902; J:137006; O:841653; R:2538236; U:326718
2012,1,2012Q1,nboe121.zip,4831884,4831884,9678025,205.2141,1053.1515,29,165240,I:1242996; J:123462; O:849254; R:2315958; U:300214
2012,2,2012Q2,nboe122.zip,5329189,5329189,10905207,209.1218,1069.2749,29,172083,I:1401344; J:146578; O:913363; R:2545840; U:322064
2012,3,2012Q3,nboe123.zip,5180928,5180928,10639952,200.9179,1081.2713,29,170995,I:1355282; J:145920; O:948934; R:2439810; U:290982
2012,4,2012Q4,nboe124.zip,5270373,5270373,10526553,201.9028,1063.5218,28,167896,I:1334666; J:151020; O:876391; R:2599518; U:308778
2013,1,2013Q1,nboe131.zip,4779575,4779575,9707987,205.8405,1061.4064,28,163315,I:1183308; J:145166; O:845267; R:2323716; U:282118
2013,2,2013Q2,nboe132.zip,5475580,5475580,11122360,206.573,1073.1734,27,172798,I:1375862; J:165414; O:969774; R:2652238; U:312292
2013,3,2013Q3,nboe133.zip,5201092,5201092,10496591,213.0648,1086.6414,26,172164,I:1363064; J:159882; O:943086; R:2455312; U:279748
2013,4,2013Q4,nboe134.zip,5189465,5189465,10732696,208.102,1071.0555,27,168751,I:1355832; J:165298; O:845787; R:2534100; U:288448
2014,1,2014Q1,nboe141.zip,4904213,4904213,9883921,211.0506,1067.178,27,167120,I:1215638; J:155992; O:950711; R:2317448; U:264424
2014,2,2014Q2,nboe142.zip,5702294,5702294,11361455,219.9714,1079.9608,27,172921,I:1382420; J:184036; O:1049240; R:2789918; U:296680
2014,3,2014Q3,nboe143.zip,5776434,5776434,11217077,218.4955,1093.7142,27,171723,I:1384410; J:178212; O:1095588; R:2833600; U:284624
2014,4,2014Q4,nboe144.zip,5677431,5677431,11201484,211.7471,1070.0764,27,167493,I:1352828; J:175404; O:979911; R:2867488; U:301800
2015,1,2015Q1,nboe151.zip,5033068,5033068,10279835,212.9787,1073.915,25,162374,I:1171020; J:161828; O:990168; R:2423300; U:286752
2015,2,2015Q2,nboe152.zip,5945136,5945136,11856554,213.6432,1091.8687,25,170007,I:1350928; J:184070; O:1169010; R:2920934; U:320194
2015,3,2015Q3,nboe153.zip,5841776,5841776,11995828,206.9962,1097.2821,24,169595,I:1316680; J:177516; O:1194016; R:2838388; U:315176
2015,4,2015Q4,nboe154.zip,5849576,5849576,12151362,199.5484,1076.3591,24,168088,I:1299964; J:180558; O:1102022; R:2930648; U:336384
2016,1,2016Q1,nboe161.zip,5427325,5427325,11160569,200.2811,1081.0491,24,162998,I:1127102; J:156804; O:1127951; R:2707304; U:308164
2016,2,2016Q2,nboe162.zip,6143323,6143323,12828963,198.7061,1091.639,24,169740,I:1244770; J:173328; O:1317027; R:3078010; U:330188
2016,3,2016Q3,nboe163.zip,6032464,6032464,12704075,196.1058,1100.7597,24,171496,I:1227466; J:173690; O:1348834; R:2965270; U:317204
